{
 "trip": {
  "id": "g8fxkna6106pyi9",
  "name": "Demo Trip Costa Rica 2026",
  "description": "Spending a week in Costa Rica. The goal is to get some city action, visit the natural rainforest and then relax on the beach.",
  "startDate": "2026-09-10 07:00:00.000Z",
  "endDate": "2026-09-20 06:59:59.999Z",
  "destinations": [
   {
    "id": "61mwter8wwziir2",
    "name": "San José",
    "stateName": "San José Province",
    "countryName": "Costa Rica",
    "timezone": "America/Costa_Rica",
    "latitude": "9.93333000",
    "longitude": "-84.08333000"
   },
   {
    "id": "c092brb7hqnzv3g",
    "name": "La Fortuna",
    "stateName": "Alajuela Province",
    "countryName": "Costa Rica",
    "timezone": "America/Costa_Rica",
    "latitude": "10.47089000",
    "longitude": "-84.64535000"
   },
   {
    "id": "create_new_NdTHn9CXO-xWyZY5d_Co9",
    "name": "Playa Conchal",
    "stateName": "",
    "countryName": "",
    "timezone": "",
    "latitude": "",
    "longitude": ""
   }
  ],
  "participants": [
   {
    "name": "Rohit"
   },
   {
    "name": "Luke"
   },
   {
    "name": "Anakin"
   },
   {
    "name": "Padme"
   }
  ],
  "coverImage": null,
  "coverImageFileName": "blob_xsut871q_xk_nhwhakcl2d_xwehdc8b83.jpg",
  "notes": ""
 },
 "transportations": [
  {
   "id": "c9w298u2cb9pxl7",
   "type": "flight",
   "origin": "SEA",
   "destination": "SJO",
   "cost": {
    "value": 410.56,
    "currency": "USD"
   },
   "departure": "2026-09-10 07:50:00.000Z",
   "arrival": "2026-09-10 18:48:00.000Z",
   "attachments": null,
   "attachmentReferences": [
    "71eu5zs773317mr"
   ],
   "metadata": {
    "destination": {
     "countryCode": "CR",
     "iataCode": "SJO",
     "id": "2dncg4q89apj3hr",
     "latitude": "9.99386",
     "longitude": "-84.208801",
     "name": "Juan Santamaría International Airport",
     "timezone": "America/Costa_Rica"
    },
    "flightNumber": "",
    "origin": {
     "countryCode": "US",
     "iataCode": "SEA",
     "id": "6md7boeil02a1bw",
     "latitude": "47.447943",
     "longitude": "-122.310276",
     "name": "Seattle–Tacoma International Airport",
     "timezone": "America/Los_Angeles"
    },
    "provider": {
     "code": "DL",
     "id": "97s0oxcs2t4p350",
     "logo": "https://images.kiwi.com/airlines/64/DL.png",
     "name": "Delta Air Lines"
    },
    "reservation": "GRZCKO",
    "seats": ""
   }
  },
  {
   "id": "0516v5le5baq16h",
   "type": "flight",
   "origin": "LIR",
   "destination": "SEA",
   "cost": {
    "value": 419.88,
    "currency": "USD"
   },
   "departure": "2026-09-19 14:55:00.000Z",
   "arrival": "2026-09-19 23:48:00.000Z",
   "attachments": null,
   "attachmentReferences": [],
   "metadata": {
    "destination": {
     "countryCode": "US",
     "iataCode": "SEA",
     "id": "6md7boeil02a1bw",
     "latitude": "47.447943",
     "longitude": "-122.310276",
     "name": "Seattle–Tacoma International Airport",
     "timezone": "America/Los_Angeles"
    },
    "origin": {
     "countryCode": "CR",
     "iataCode": "LIR",
     "id": "xfv36yx3ydgv6vc",
     "latitude": "10.5933",
     "longitude": "-85.544403",
     "name": "Guanacaste Airport",
     "timezone": "America/Costa_Rica"
    },
    "provider": "Delta Airlines",
    "reservation": "GSC5X3"
   }
  },
  {
   "id": "8q676r3kdwv7goc",
   "type": "car",
   "origin": "San José",
   "destination": "La Fortuna",
   "cost": {
    "value": 37.55,
    "currency": "USD"
   },
   "departure": "2026-09-13 18:30:00.000Z",
   "arrival": "2026-09-13 22:00:00.000Z",
   "attachments": null,
   "attachmentReferences": [],
   "metadata": {
    "destination": {
     "countryName": "Costa Rica",
     "id": "c092brb7hqnzv3g",
     "latitude": "10.47089000",
     "longitude": "-84.64535000",
     "name": "La Fortuna",
     "stateName": "Alajuela Province",
     "timezone": "America/Costa_Rica"
    },
    "destinationAddress": "456 Volcano St, La Fortunal, Costa Rica",
    "origin": {
     "countryName": "Costa Rica",
     "id": "61mwter8wwziir2",
     "latitude": "9.93333000",
     "longitude": "-84.08333000",
     "name": "San José",
     "stateName": "San José Province",
     "timezone": "America/Costa_Rica"
    },
    "originAddress": "123 Hotel St, San Jose, Costa Rica",
    "provider": "Taxi Service",
    "reservation": "325400232083434"
   }
  },
  {
   "id": "vk9ejjfa892zwqh",
   "type": "car",
   "origin": "La Fortuna",
   "destination": "Playa Conchal",
   "cost": {
    "value": 232,
    "currency": "USD"
   },
   "departure": "2026-09-16 17:00:00.000Z",
   "arrival": "2026-09-16 23:00:00.000Z",
   "attachments": null,
   "attachmentReferences": [],
   "metadata": {
    "destination": {
     "countryName": "",
     "id": "create_new_NdTHn9CXO-xWyZY5d_Co9",
     "latitude": "",
     "longitude": "",
     "name": "Playa Conchal",
     "stateName": "",
     "timezone": ""
    },
    "destinationAddress": "789 Westin Hotel Drive, Playa Conchal, Costa Rica",
    "origin": {
     "countryName": "Costa Rica",
     "id": "c092brb7hqnzv3g",
     "latitude": "10.47089000",
     "longitude": "-84.64535000",
     "name": "La Fortuna",
     "stateName": "Alajuela Province",
     "timezone": "America/Costa_Rica"
    },
    "originAddress": "456 Volcano St, La Fortunal, Costa Rica",
    "provider": "Westin Transportation"
   }
  }
 ],
 "lodgings": [
  {
   "id": "2os7wj372h538p6",
   "type": "hotel",
   "name": "Delta Hotels by Marriott San Jose Aurola",
   "address": "5th Street, El Carmen, 10101 San José, Costa Rica",
   "confirmationCode": "2474.955.206",
   "cost": {
    "value": 185.77,
    "currency": "USD"
   },
   "startDate": "2026-09-10 23:00:00.000Z",
   "endDate": "2026-09-13 17:00:00.000Z",
   "attachments": null,
   "attachmentReferences": [],
   "metadata": {
    "place": {
     "countryName": "Costa Rica",
     "id": "61mwter8wwziir2",
     "latitude": "9.93333000",
     "longitude": "-84.08333000",
     "name": "San José",
     "stateName": "San José Province",
     "timezone": "America/Costa_Rica"
    }
   }
  },
  {
   "id": "1sr9663kd8p580z",
   "type": "hotel",
   "name": " Los Lagos Spa \u0026 Thermal Resort Experience",
   "address": "6 Km oeste del Parque Central, 21007 Fortuna, Costa Rica",
   "confirmationCode": "2328.273.1221",
   "cost": {
    "value": 97.2,
    "currency": "USD"
   },
   "startDate": "2026-09-13 23:00:00.000Z",
   "endDate": "2026-09-16 17:00:00.000Z",
   "attachments": null,
   "attachmentReferences": [
    "3vzpus95958r9jo"
   ],
   "metadata": {
    "place": {
     "countryName": "Costa Rica",
     "id": "c092brb7hqnzv3g",
     "latitude": "10.47089000",
     "longitude": "-84.64535000",
     "name": "La Fortuna",
     "stateName": "Alajuela Province",
     "timezone": "America/Costa_Rica"
    }
   }
  },
  {
   "id": "3kd87wsbm075pb9",
   "type": "hotel",
   "name": " The Westin Reserva Conchal",
   "address": "Playa Conchal 1Km antes de Playa Brasilito, 50308 \nPlaya Conchal, Costa Rica",
   "confirmationCode": "2486.381.613",
   "cost": {
    "value": 1437,
    "currency": "USD"
   },
   "startDate": "2026-09-16 23:00:00.000Z",
   "endDate": "2026-09-19 17:00:00.000Z",
   "attachments": null,
   "attachmentReferences": [],
   "metadata": {
    "place": {
     "countryName": "",
     "id": "create_new_NdTHn9CXO-xWyZY5d_Co9",
     "latitude": "",
     "longitude": "",
     "name": "Playa Conchal",
     "stateName": "",
     "timezone": ""
    }
   }
  }
 ],
 "activities": [
  {
   "id": "54i4n213xn266s5",
   "name": "Visit to the Arenal Volcano",
   "description": "A small hike to the base of Arenal Volcano",
   "address": "Near La Fortuna hotel",
   "confirmationCode": "",
   "cost": {
    "value": 20,
    "currency": "USD"
   },
   "startDate": "2026-09-14 15:00:00.000Z",
   "endDate": "",
   "attachments": null,
   "attachmentReferences": [],
   "metadata": {
    "place": {
     "countryName": "",
     "id": "create_new_NdTHn9CXO-xWyZY5d_Co9",
     "latitude": "",
     "longitude": "",
     "name": "Playa Conchal",
     "stateName": "",
     "timezone": ""
    }
   }
  },
  {
   "id": "78o43utx46ppb7v",
   "name": "Ziplining In the rain forest",
   "description": "We've booked a personal tour for zip-lining over the rain forest. ",
   "address": "Meet at the hotel lobby",
   "confirmationCode": "",
   "cost": {
    "value": 233,
    "currency": "USD"
   },
   "startDate": "2026-09-17 13:00:00.000Z",
   "endDate": "",
   "attachments": null,
   "attachmentReferences": [
    "ymae5094r7bvj2g"
   ],
   "metadata": {
    "place": {
     "countryName": "",
     "id": "create_new_NdTHn9CXO-xWyZY5d_Co9",
     "latitude": "",
     "longitude": "",
     "name": "Playa Conchal",
     "stateName": "",
     "timezone": ""
    }
   }
  }
 ],
 "attachments": [
  {
   "id": "71eu5zs773317mr",
   "name": "costa_rica_flight_jshn69j5lu.pdf",
   "file": "costa_rica_flight_jshn69j5lu_tiivrh6k0z.pdf"
  },
  {
   "id": "3vzpus95958r9jo",
   "name": "hotel_reservation_la_fortuna_1r6zsro8at.pdf",
   "file": "hotel_reservation_la_fortuna_1r6zsro8at_gc8ca3sh00.pdf"
  },
  {
   "id": "ymae5094r7bvj2g",
   "name": "zipline_reservation_mxvclb57rc.pdf",
   "file": "zipline_reservation_mxvclb57rc_c3bywyrqqo.pdf"
  }
 ]
}