{
 "trip": {
  "id": "t2oebiaqhdaf2hi",
  "name": "Sample Trip - Costa Rica 2026",
  "description": "Spending a week in Costa Rica. The goal is to get some city action, visit the natural rainforest and then relax on the beach.",
  "startDate": "2026-06-11 07:00:00.000Z",
  "endDate": "2026-06-20 06:59:59.999Z",
  "destinations": [
   {
    "id": "61mwter8wwziir2",
    "name": "San José",
    "stateName": "San José Province",
    "countryName": "Costa Rica",
    "timezone": "America/Costa_Rica",
    "latitude": "9.93333000",
    "longitude": "-84.08333000"
   },
   {
    "id": "qmmbxzg7jf8y7dt",
    "name": "Liberia",
    "stateName": "Guanacaste Province",
    "countryName": "Costa Rica",
    "timezone": "America/Costa_Rica",
    "latitude": "10.63504000",
    "longitude": "-85.43772000"
   },
   {
    "id": "c092brb7hqnzv3g",
    "name": "La Fortuna",
    "stateName": "Alajuela Province",
    "countryName": "Costa Rica",
    "timezone": "America/Costa_Rica",
    "latitude": "10.47089000",
    "longitude": "-84.64535000"
   },
   {
    "id": "8wmyeq9xs5kxwmi",
    "name": "Portland",
    "stateName": "Oregon",
    "countryName": "United States",
    "timezone": "America/Los_Angeles",
    "latitude": "45.52345000",
    "longitude": "-122.67621000"
   }
  ],
  "participants": [
   {
    "name": "Rohit"
   },
   {
    "name": "Luke"
   },
   {
    "name": "Anakin"
   },
   {
    "name": "Padme"
   }
  ],
  "coverImage": null,
  "coverImageFileName": "blob_XSut871qXk.jpg",
  "notes": "",
  "budget": {
   "value": 3000,
   "currency": "USD"
  }
 },
 "transportations": [
  {
   "id": "2r6v6zkpn3mo168",
   "type": "flight",
   "origin": "SEA",
   "destination": "SJO",
   "cost": {
    "value": 410.56,
    "currency": "USD"
   },
   "departure": "2026-06-11 07:50:00.000Z",
   "arrival": "2026-06-11 18:48:00.000Z",
   "attachments": null,
   "attachmentReferences": [
    "2dudng1oj1p5w90"
   ],
   "metadata": {
    "provider": "Delta Airlines",
    "reservation": "GRZCKO"
   }
  },
  {
   "id": "ic16kcum1z5ax1i",
   "type": "flight",
   "origin": "LIR",
   "destination": "SEA",
   "cost": {
    "value": 419.88,
    "currency": "USD"
   },
   "departure": "2026-06-19 14:55:00.347Z",
   "arrival": "2026-06-20 00:48:00.370Z",
   "attachments": null,
   "attachmentReferences": [],
   "metadata": {
    "provider": "Delta Airlines",
    "reservation": "GSC5X3"
   }
  },
  {
   "id": "nl0tbvk7gu6hzxa",
   "type": "car",
   "origin": "San José",
   "destination": "La Fortuna",
   "cost": {
    "value": 37.55,
    "currency": "USD"
   },
   "departure": "2026-06-13 18:30:00.668Z",
   "arrival": "2026-06-13 22:00:00.559Z",
   "attachments": null,
   "attachmentReferences": [],
   "metadata": {
    "provider": "Taxi Service"
   }
  },
  {
   "id": "8083xwz4j9zftub",
   "type": "car",
   "origin": "La Fortuna",
   "destination": "Playa Conchal",
   "cost": {
    "value": 232,
    "currency": "USD"
   },
   "departure": "2026-06-16 17:00:00.524Z",
   "arrival": "2026-06-16 23:00:00.047Z",
   "attachments": null,
   "attachmentReferences": [],
   "metadata": {
    "provider": "Westin Transportation"
   }
  }
 ],
 "lodgings": [
  {
   "id": "0jz709p5xe2csv9",
   "type": "hotel",
   "name": "Delta Hotels by Marriott San Jose Aurola",
   "address": "5th Street, El Carmen, 10101 San José, Costa Rica",
   "confirmationCode": "2474.955.206",
   "cost": {
    "value": 185.77,
    "currency": "USD"
   },
   "startDate": "2026-06-11 23:00:00.486Z",
   "endDate": "2026-06-13 17:00:00.112Z",
   "attachments": null,
   "attachmentReferences": [],
   "metadata": null
  },
  {
   "id": "rglzo29kcaznjab",
   "type": "hotel",
   "name": " Los Lagos Spa \u0026 Thermal Resort Experience",
   "address": "6 Km oeste del Parque Central, 21007 Fortuna, Costa Rica",
   "confirmationCode": "2328.273.1221",
   "cost": {
    "value": 97.2,
    "currency": "USD"
   },
   "startDate": "2026-06-13 23:00:00.000Z",
   "endDate": "2026-06-16 17:00:00.000Z",
   "attachments": null,
   "attachmentReferences": [
    "m9mv0e2z483v1d3"
   ],
   "metadata": null
  },
  {
   "id": "qjv2qn6scohta8x",
   "type": "hotel",
   "name": " The Westin Reserva Conchal",
   "address": "Playa Conchal 1Km antes de Playa Brasilito, 50308 \nPlaya Conchal, Costa Rica",
   "confirmationCode": "2486.381.613",
   "cost": {
    "value": 1437,
    "currency": "USD"
   },
   "startDate": "2026-06-16 23:00:00.089Z",
   "endDate": "2026-06-19 17:00:00.829Z",
   "attachments": null,
   "attachmentReferences": [],
   "metadata": null
  }
 ],
 "activities": [
  {
   "id": "053mg8dqf4xjl82",
   "name": "Visit to the Arenal Volcano",
   "description": "A small hike to the base of Arenal Volcano",
   "address": "Near La Fortuna hotel",
   "confirmationCode": "",
   "cost": {
    "value": 20,
    "currency": "USD"
   },
   "startDate": "2026-06-14 15:00:00.060Z",
   "endDate": "",
   "attachments": null,
   "attachmentReferences": [],
   "metadata": null
  },
  {
   "id": "6mho302i394psa8",
   "name": "Ziplining In the rain forest",
   "description": "We've booked a persona tour for zip-lining over the rain forest. ",
   "address": "Meet at the hotel lobby",
   "confirmationCode": "",
   "cost": {
    "value": 233,
    "currency": "USD"
   },
   "startDate": "2026-07-17 13:00:00.000Z",
   "endDate": "",
   "attachments": null,
   "attachmentReferences": [
    "o5i219m18rj57r6"
   ],
   "metadata": null
  }
 ],
 "expenses": [
  {
   "id": "9s728gp4d3j8w7n",
   "name": "Transportation: SEA -\u003e SJO",
   "cost": {
    "value": 410.56,
    "currency": "USD"
   },
   "occurredOn": "2026-06-11 07:50:00.000Z",
   "notes": "",
   "category": "transportation",
   "attachmentReferences": []
  },
  {
   "id": "by7k1ix461vp6n5",
   "name": "Transportation: LIR -\u003e SEA",
   "cost": {
    "value": 419.88,
    "currency": "USD"
   },
   "occurredOn": "2026-06-19 14:55:00.347Z",
   "notes": "",
   "category": "transportation",
   "attachmentReferences": []
  },
  {
   "id": "v8xluc69y0owt3k",
   "name": "Transportation: San José -\u003e La Fortuna",
   "cost": {
    "value": 37.55,
    "currency": "USD"
   },
   "occurredOn": "2026-06-13 18:30:00.668Z",
   "notes": "",
   "category": "transportation",
   "attachmentReferences": []
  },
  {
   "id": "gn5e3ku9935skcg",
   "name": "Transportation: La Fortuna -\u003e Playa Conchal",
   "cost": {
    "value": 232,
    "currency": "USD"
   },
   "occurredOn": "2026-06-16 17:00:00.524Z",
   "notes": "",
   "category": "transportation",
   "attachmentReferences": []
  },
  {
   "id": "s581b84p8b8v2f3",
   "name": "Lodging: Delta Hotels by Marriott San Jose Aurola",
   "cost": {
    "value": 185.77,
    "currency": "USD"
   },
   "occurredOn": "2026-06-11 23:00:00.486Z",
   "notes": "",
   "category": "lodging",
   "attachmentReferences": []
  },
  {
   "id": "9380f38zl3w15io",
   "name": "Lodging:  Los Lagos Spa \u0026 Thermal Resort Experience",
   "cost": {
    "value": 97.2,
    "currency": "USD"
   },
   "occurredOn": "2026-06-13 23:00:00.000Z",
   "notes": "",
   "category": "lodging",
   "attachmentReferences": []
  },
  {
   "id": "q9e097383u968ms",
   "name": "Lodging:  The Westin Reserva Conchal",
   "cost": {
    "value": 1437,
    "currency": "USD"
   },
   "occurredOn": "2026-06-16 23:00:00.089Z",
   "notes": "",
   "category": "lodging",
   "attachmentReferences": []
  },
  {
   "id": "5dpd6c49czh291r",
   "name": "Activity: Visit to the Arenal Volcano",
   "cost": {
    "value": 20,
    "currency": "USD"
   },
   "occurredOn": "2026-06-14 15:00:00.060Z",
   "notes": "",
   "category": "activities",
   "attachmentReferences": []
  },
  {
   "id": "j63zf8yue1v8qn1",
   "name": "Activity: Ziplining In the rain forest",
   "cost": {
    "value": 233,
    "currency": "USD"
   },
   "occurredOn": "2026-07-17 13:00:00.000Z",
   "notes": "",
   "category": "activities",
   "attachmentReferences": []
  },
  {
   "id": "wvyu3zwt19v5t0u",
   "name": "Dinner at the market",
   "cost": {
    "value": 43,
    "currency": "USD"
   },
   "occurredOn": "2026-06-17 00:00:00.000Z",
   "notes": "",
   "category": "food",
   "attachmentReferences": []
  }
 ],
 "attachments": [
  {
   "id": "2dudng1oj1p5w90",
   "name": "costa_rica_flight.pdf",
   "file": "costa_rica_flight_w2xbdrhs2c.pdf"
  },
  {
   "id": "m9mv0e2z483v1d3",
   "name": "hotel_reservation_la_fortuna.pdf",
   "file": "hotel_reservation_la_fortuna_0jy4e9ff3p.pdf"
  },
  {
   "id": "o5i219m18rj57r6",
   "name": "zipline_reservation.pdf",
   "file": "zipline_reservation_hjkizfibib.pdf"
  }
 ]
}
